-- Seed backup for teams, drivers, races, and circuits
-- Run this after admin_content_tables.sql
begin;

insert into public.teams (id, name, base, color, drivers, image, logo, car) values
  ('mercedes', 'Mercedes Formula 1 Team', 'Germany', '#00d2be', '["George Russell","Andrea Kimi Antonelli"]'::jsonb, 'https://media.formula1.com/image/upload/f_auto,c_limit,q_auto,w_1200/content/dam/fom-website/teams/2025/mercedes', 'https://media.formula1.com/image/upload/f_auto,c_limit,q_auto,w_800/content/dam/fom-website/teams/2025/mercedes-logo', 'https://media.formula1.com/image/upload/f_auto,c_limit,q_auto,w_1200/content/dam/fom-website/teams/2025/mercedes'),
  ('ferrari', 'Scuderia Ferrari', 'Italy', '#dc0000', '["Charles Leclerc","Lewis Hamilton"]'::jsonb, 'https://media.formula1.com/image/upload/f_auto,c_limit,q_auto,w_1200/content/dam/fom-website/teams/2025/ferrari', 'https://media.formula1.com/image/upload/f_auto,c_limit,q_auto,w_800/content/dam/fom-website/teams/2025/ferrari-logo', 'https://media.formula1.com/image/upload/f_auto,c_limit,q_auto,w_1200/content/dam/fom-website/teams/2025/ferrari'),
  ('mclaren', 'McLaren Formula 1 Team', 'Great Britain', '#ff8700', '["Lando Norris","Oscar Piastri"]'::jsonb, 'https://media.formula1.com/image/upload/f_auto,c_limit,q_auto,w_1200/content/dam/fom-website/teams/2025/mclaren', 'https://media.formula1.com/image/upload/f_auto,c_limit,q_auto,w_800/content/dam/fom-website/teams/2025/mclaren-logo', 'https://media.formula1.com/image/upload/f_auto,c_limit,q_auto,w_1200/content/dam/fom-website/teams/2025/mclaren'),
  ('red_bull', 'Red Bull Racing', 'Austria', '#1e41ff', '["Max Verstappen","Isack Hadjar"]'::jsonb, 'https://media.formula1.com/image/upload/f_auto,c_limit,q_auto,w_1200/content/dam/fom-website/teams/2025/red-bull-racing', 'https://media.formula1.com/image/upload/f_auto,c_limit,q_auto,w_800/content/dam/fom-website/teams/2025/red-bull-racing-logo', 'https://media.formula1.com/image/upload/f_auto,c_limit,q_auto,w_1200/content/dam/fom-website/teams/2025/red-bull-racing'),
  ('haas', 'Haas F1 Team', 'United States', '#b6babd', '["Oliver Bearman","Esteban Ocon"]'::jsonb, 'https://media.formula1.com/image/upload/f_auto,c_limit,q_auto,w_1200/content/dam/fom-website/teams/2025/haas', 'https://media.formula1.com/image/upload/f_auto,c_limit,q_auto,w_800/content/dam/fom-website/teams/2025/haas-logo', 'https://media.formula1.com/image/upload/f_auto,c_limit,q_auto,w_1200/content/dam/fom-website/teams/2025/haas'),
  ('rb', 'RB F1 Team', 'Italy', '#2b4562', '["Arvid Lindblad","Liam Lawson"]'::jsonb, 'https://media.formula1.com/image/upload/f_auto,c_limit,q_auto,w_1200/content/dam/fom-website/teams/2025/racing-bulls', 'https://media.formula1.com/image/upload/f_auto,c_limit,q_auto,w_800/content/dam/fom-website/teams/2025/racing-bulls-logo', 'https://media.formula1.com/image/upload/f_auto,c_limit,q_auto,w_1200/content/dam/fom-website/teams/2025/racing-bulls'),
  ('audi', 'Audi Revolut F1 Team', 'Germany', '#52e252', '["Gabriel Bortoleto","Nico Hulkenberg"]'::jsonb, 'https://images.unsplash.com/photo-1549399542-7e3f8b79c341?w=1200&auto=format&fit=crop&q=80', 'https://upload.wikimedia.org/wikipedia/commons/6/6f/Audi_logo_detail.svg', 'https://images.unsplash.com/photo-1549399542-7e3f8b79c341?w=1200&auto=format&fit=crop&q=80'),
  ('alpine', 'Alpine F1 Team', 'France', '#0090ff', '["Pierre Gasly","Franco Colapinto"]'::jsonb, 'https://media.formula1.com/image/upload/f_auto,c_limit,q_auto,w_1200/content/dam/fom-website/teams/2025/alpine', 'https://media.formula1.com/image/upload/f_auto,c_limit,q_auto,w_800/content/dam/fom-website/teams/2025/alpine-logo', 'https://media.formula1.com/image/upload/f_auto,c_limit,q_auto,w_1200/content/dam/fom-website/teams/2025/alpine'),
  ('williams', 'Williams Racing', 'Great Britain', '#005aff', '["Alex Albon","Carlos Sainz"]'::jsonb, 'https://media.formula1.com/image/upload/f_auto,c_limit,q_auto,w_1200/content/dam/fom-website/teams/2025/williams', 'https://media.formula1.com/image/upload/f_auto,c_limit,q_auto,w_800/content/dam/fom-website/teams/2025/williams-logo', 'https://media.formula1.com/image/upload/f_auto,c_limit,q_auto,w_1200/content/dam/fom-website/teams/2025/williams'),
  ('cadillac', 'Cadillac Formula 1 Team', 'United States', '#D6D6D6', '["Sergio Pérez","Valtteri Bottas"]'::jsonb, 'https://images.unsplash.com/photo-1503376780353-7e6692767b70?w=1200&auto=format&fit=crop&q=80', 'https://upload.wikimedia.org/wikipedia/commons/1/1d/Cadillac_logo.svg', 'https://images.unsplash.com/photo-1503376780353-7e6692767b70?w=1200&auto=format&fit=crop&q=80'),
  ('aston_martin', 'Aston Martin F1 Team', 'Great Britain', '#006f62', '["Fernando Alonso","Lance Stroll"]'::jsonb, 'https://media.formula1.com/image/upload/f_auto,c_limit,q_auto,w_1200/content/dam/fom-website/teams/2025/aston-martin', 'https://media.formula1.com/image/upload/f_auto,c_limit,q_auto,w_800/content/dam/fom-website/teams/2025/aston-martin-logo', 'https://media.formula1.com/image/upload/f_auto,c_limit,q_auto,w_1200/content/dam/fom-website/teams/2025/aston-martin')
on conflict (id) do update set
  name = excluded.name,
  base = excluded.base,
  color = excluded.color,
  drivers = excluded.drivers,
  image = excluded.image,
  logo = excluded.logo,
  car = excluded.car;

insert into public.drivers (id, name, number, country, team, description, image) values
  ('russell', 'George Russell', '63', 'Great Britain', 'Mercedes Formula 1 Team', 'RUS driver in the 2026 grid.', 'https://media.formula1.com/image/upload/f_auto,c_limit,q_auto,w_1320/content/dam/fom-website/drivers/2025Drivers/russell'),
  ('antonelli', 'Andrea Kimi Antonelli', '12', 'Italy', 'Mercedes Formula 1 Team', 'ANT driver in the 2026 grid.', 'https://media.formula1.com/image/upload/f_auto,c_limit,q_auto,w_1320/content/dam/fom-website/drivers/2025Drivers/antonelli'),
  ('leclerc', 'Charles Leclerc', '16', 'Monaco', 'Scuderia Ferrari', 'LEC driver in the 2026 grid.', 'https://media.formula1.com/image/upload/f_auto,c_limit,q_auto,w_1320/content/dam/fom-website/drivers/2025Drivers/leclerc'),
  ('hamilton', 'Lewis Hamilton', '44', 'Great Britain', 'Scuderia Ferrari', 'HAM driver in the 2026 grid.', 'https://media.formula1.com/image/upload/f_auto,c_limit,q_auto,w_1320/content/dam/fom-website/drivers/2025Drivers/hamilton'),
  ('norris', 'Lando Norris', '4', 'Great Britain', 'McLaren Formula 1 Team', 'NOR driver in the 2026 grid.', 'https://media.formula1.com/image/upload/f_auto,c_limit,q_auto,w_1320/content/dam/fom-website/drivers/2025Drivers/norris'),
  ('max_verstappen', 'Max Verstappen', '33', 'Netherlands', 'Red Bull Racing', 'VER driver in the 2026 grid.', 'https://media.formula1.com/image/upload/f_auto,c_limit,q_auto,w_1320/content/dam/fom-website/drivers/2025Drivers/verstappen'),
  ('bearman', 'Oliver Bearman', '87', 'Great Britain', 'Haas F1 Team', 'BEA driver in the 2026 grid.', 'https://media.formula1.com/image/upload/f_auto,c_limit,q_auto,w_1320/content/dam/fom-website/drivers/2025Drivers/bearman'),
  ('lindblad', 'Arvid Lindblad', '36', 'Great Britain', 'RB F1 Team', 'LIN driver in the 2026 grid.', 'https://media.formula1.com/image/upload/f_auto,c_limit,q_auto,w_1320/content/dam/fom-website/drivers/2025Drivers/lindblad'),
  ('bortoleto', 'Gabriel Bortoleto', '5', 'Brazil', 'Audi Revolut F1 Team', 'BOR driver in the 2026 grid.', 'https://media.formula1.com/image/upload/f_auto,c_limit,q_auto,w_1320/content/dam/fom-website/drivers/2025Drivers/bortoleto'),
  ('gasly', 'Pierre Gasly', '10', 'France', 'Alpine F1 Team', 'GAS driver in the 2026 grid.', 'https://media.formula1.com/image/upload/f_auto,c_limit,q_auto,w_1320/content/dam/fom-website/drivers/2025Drivers/gasly'),
  ('ocon', 'Esteban Ocon', '31', 'France', 'Haas F1 Team', 'OCO driver in the 2026 grid.', 'https://media.formula1.com/image/upload/f_auto,c_limit,q_auto,w_1320/content/dam/fom-website/drivers/2025Drivers/ocon'),
  ('albon', 'Alex Albon', '23', 'Thailand', 'Williams Racing', 'ALB driver in the 2026 grid.', 'https://media.formula1.com/image/upload/f_auto,c_limit,q_auto,w_1320/content/dam/fom-website/drivers/2025Drivers/albon'),
  ('lawson', 'Liam Lawson', '30', 'New Zealand', 'RB F1 Team', 'LAW driver in the 2026 grid.', 'https://media.formula1.com/image/upload/f_auto,c_limit,q_auto,w_1320/content/dam/fom-website/drivers/2025Drivers/lawson'),
  ('colapinto', 'Franco Colapinto', '43', 'Argentina', 'Alpine F1 Team', 'COL driver in the 2026 grid.', 'https://media.formula1.com/image/upload/f_auto,c_limit,q_auto,w_1320/content/dam/fom-website/drivers/2025Drivers/colapinto'),
  ('sainz', 'Carlos Sainz', '55', 'Spain', 'Williams Racing', 'SAI driver in the 2026 grid.', 'https://media.formula1.com/image/upload/f_auto,c_limit,q_auto,w_1320/content/dam/fom-website/drivers/2025Drivers/sainz'),
  ('perez', 'Sergio Pérez', '11', 'Mexico', 'Cadillac Formula 1 Team', 'PER driver in the 2026 grid.', ''),
  ('hadjar', 'Isack Hadjar', '6', 'France', 'Red Bull Racing', 'HAD driver in the 2026 grid.', 'https://media.formula1.com/image/upload/f_auto,c_limit,q_auto,w_1320/content/dam/fom-website/drivers/2025Drivers/hadjar'),
  ('piastri', 'Oscar Piastri', '81', 'Australia', 'McLaren Formula 1 Team', 'PIA driver in the 2026 grid.', 'https://media.formula1.com/image/upload/f_auto,c_limit,q_auto,w_1320/content/dam/fom-website/drivers/2025Drivers/piastri'),
  ('hulkenberg', 'Nico Hulkenberg', '27', 'Germany', 'Audi Revolut F1 Team', 'HUL driver in the 2026 grid.', 'https://media.formula1.com/image/upload/f_auto,c_limit,q_auto,w_1320/content/dam/fom-website/drivers/2025Drivers/hulkenberg'),
  ('alonso', 'Fernando Alonso', '14', 'Spain', 'Aston Martin F1 Team', 'ALO driver in the 2026 grid.', 'https://media.formula1.com/image/upload/f_auto,c_limit,q_auto,w_1320/content/dam/fom-website/drivers/2025Drivers/alonso'),
  ('bottas', 'Valtteri Bottas', '77', 'Finland', 'Cadillac Formula 1 Team', 'BOT driver in the 2026 grid.', 'https://media.formula1.com/image/upload/f_auto,c_limit,q_auto,w_1320/content/dam/fom-website/drivers/2025Drivers/bottas'),
  ('stroll', 'Lance Stroll', '18', 'Canada', 'Aston Martin F1 Team', 'STR driver in the 2026 grid.', 'https://media.formula1.com/image/upload/f_auto,c_limit,q_auto,w_1320/content/dam/fom-website/drivers/2025Drivers/stroll')
on conflict (id) do update set
  name = excluded.name,
  number = excluded.number,
  country = excluded.country,
  team = excluded.team,
  description = excluded.description,
  image = excluded.image;

insert into public.races (id, round, name, date, location, circuit, circuit_id, laps, distance, lap_record, schedule, image) values
  ('australian_2026', '1', 'Formula 1 Qatar Airways Australian Grand Prix', '2026-03-08', 'Melbourne, Australia', 'Albert Park Circuit', 'albert_park', '58', '5278km', '1:19:813', '{"race":{"date":"2026-03-08","time":"04:00:00Z"},"qualy":{"date":"2026-03-07","time":"05:00:00Z"},"fp1":{"date":"2026-03-06","time":"01:30:00Z"},"fp2":{"date":"2026-03-06","time":"05:00:00Z"},"fp3":{"date":"2026-03-07","time":"01:30:00Z"},"sprintQualy":{"date":null,"time":null},"sprintRace":{"date":null,"time":null}}'::jsonb, 'https://images.unsplash.com/photo-1503376780353-7e6692767b70?w=1200&auto=format&fit=crop&q=80'),
  ('chinese_2026', '2', 'Formula 1 Heineken Chinese Grand Prix 2026', '2026-03-15', 'Shanghai, China', 'Shanghai International Circuit', 'shanghai', '56', '5451km', '1:32:238', '{"race":{"date":"2026-03-15","time":"07:00:00Z"},"qualy":{"date":"2026-03-14","time":"07:00:00Z"},"fp1":{"date":"2026-03-13","time":"03:30:00Z"},"fp2":{"date":null,"time":null},"fp3":{"date":null,"time":null},"sprintQualy":{"date":"2026-03-13","time":"07:30:00Z"},"sprintRace":{"date":"2026-03-14","time":"03:00:00Z"}}'::jsonb, 'https://images.unsplash.com/photo-1504215680853-026ed2a45def?w=1200&auto=format&fit=crop&q=80'),
  ('japanese_2026', '3', 'Formula 1 Aramco Japanese Grand Prix 2026', '2026-03-29', 'Suzuka, Japan', 'Suzuka International Circuit', 'suzuka', '53', '5807km', '1:30:983', '{"race":{"date":"2026-03-29","time":"05:00:00Z"},"qualy":{"date":"2026-03-28","time":"06:00:00Z"},"fp1":{"date":"2026-03-27","time":"02:30:00Z"},"fp2":{"date":"2026-03-27","time":"06:00:00Z"},"fp3":{"date":"2026-03-28","time":"02:30:00Z"},"sprintQualy":{"date":null,"time":null},"sprintRace":{"date":null,"time":null}}'::jsonb, 'https://images.unsplash.com/photo-1493976040374-85c8e12f0c0e?w=1200&auto=format&fit=crop&q=80'),
  ('bahrain_2026', '4', 'Formula 1 Gulf Air Bahrain Grand Prix 2026', '2026-04-12', 'Sakhir, Bahrain', 'Bahrain International Circuit', 'bahrain', '57', '5412km', '1:31:447', '{"race":{"date":"2026-04-12","time":"15:00:00Z"},"qualy":{"date":"2026-04-11","time":"16:00:00Z"},"fp1":{"date":"2026-04-10","time":"11:30:00Z"},"fp2":{"date":"2026-04-10","time":"15:00:00Z"},"fp3":{"date":"2026-04-11","time":"12:30:00Z"},"sprintQualy":{"date":null,"time":null},"sprintRace":{"date":null,"time":null}}'::jsonb, 'https://images.unsplash.com/photo-1500530855697-b586d89ba3ee?w=1200&auto=format&fit=crop&q=80'),
  ('saudi_arabia_2026', '5', 'Formula 1 STC Saudi Arabian Grand Prix 2026', '2026-04-19', 'Jedda, Saudi Arabia', 'Jeddah Corniche Circuit', 'jeddah', '50', '6174km', '1:30:734', '{"race":{"date":"2026-04-19","time":"17:00:00Z"},"qualy":{"date":"2026-04-18","time":"17:00:00Z"},"fp1":{"date":"2026-04-17","time":"13:30:00Z"},"fp2":{"date":"2026-04-17","time":"17:00:00Z"},"fp3":{"date":"2026-04-18","time":"13:30:00Z"},"sprintQualy":{"date":null,"time":null},"sprintRace":{"date":null,"time":null}}'::jsonb, 'https://images.unsplash.com/photo-1512453979798-5ea266f8880c?w=1200&auto=format&fit=crop&q=80'),
  ('miami_2026', '6', 'Formula 1 Crypto.com Miami Grand Prix 2026', '2026-05-03', 'Miami, United States', 'Miami International Autodrome', 'miami', '57', '5412km', '1:29:708', '{"race":{"date":"2026-05-03","time":"20:00:00Z"},"qualy":{"date":"2026-05-02","time":"20:00:00Z"},"fp1":{"date":"2026-05-01","time":"16:30:00Z"},"fp2":{"date":null,"time":null},"fp3":{"date":null,"time":null},"sprintQualy":{"date":"2026-05-01","time":"20:30:00Z"},"sprintRace":{"date":"2026-05-02","time":"16:00:00Z"}}'::jsonb, 'https://images.unsplash.com/photo-1507525428034-b723cf961d3e?w=1200&auto=format&fit=crop&q=80'),
  ('canadian_2026', '7', 'Formula 1 Lenovo Grand Prix Du Canada 2026', '2026-05-24', 'Montreal, Canada', 'Circuit Gilles Villeneuve', 'gilles_villeneuve', '70', '4361km', '1:13:078', '{"race":{"date":"2026-05-24","time":"18:00:00Z"},"qualy":{"date":"2026-05-23","time":"20:00:00Z"},"fp1":{"date":"2026-05-22","time":"17:30:00Z"},"fp2":{"date":null,"time":null},"fp3":{"date":null,"time":null},"sprintQualy":{"date":"2026-05-22","time":"21:00:00Z"},"sprintRace":{"date":"2026-05-23","time":"16:30:00Z"}}'::jsonb, 'https://images.unsplash.com/photo-1500534314209-a25ddb2bd429?w=1200&auto=format&fit=crop&q=80'),
  ('monaco_2026', '8', 'Formula 1 Louis Vuitton Grand Prix de Monaco 2026', '2026-06-07', 'Monte Carlo, Monaco', 'Circuit de Monaco', 'monaco', '78', '3337km', '1:12:909', '{"race":{"date":"2026-06-07","time":"13:00:00Z"},"qualy":{"date":"2026-06-06","time":"14:00:00Z"},"fp1":{"date":"2026-06-05","time":"11:30:00Z"},"fp2":{"date":"2026-06-05","time":"15:00:00Z"},"fp3":{"date":"2026-06-06","time":"10:30:00Z"},"sprintQualy":{"date":null,"time":null},"sprintRace":{"date":null,"time":null}}'::jsonb, 'https://images.unsplash.com/photo-1500048993953-d23a436266cf?w=1200&auto=format&fit=crop&q=80'),
  ('barcelona_catalunya_2026', '9', 'Formula 1 MSC Cruises Gran Premio de Barcelona-Catalunya 2026', '2026-06-14', 'Barcelona, Spain', 'Circuit de Barcelona-Catalunya', 'montmelo', '66', '4657km', '1:16:330', '{"race":{"date":"2026-06-14","time":"13:00:00Z"},"qualy":{"date":"2026-06-13","time":"14:00:00Z"},"fp1":{"date":"2026-06-12","time":"11:30:00Z"},"fp2":{"date":"2026-06-12","time":"15:00:00Z"},"fp3":{"date":"2026-06-13","time":"10:30:00Z"},"sprintQualy":{"date":null,"time":null},"sprintRace":{"date":null,"time":null}}'::jsonb, 'https://images.unsplash.com/photo-1465447142348-e9952c393450?w=1200&auto=format&fit=crop&q=80'),
  ('austrian_2026', '10', 'Formula 1 Lenovo Austrian Grand Prix 2026', '2026-06-28', 'Spielberg, Austria', 'Red Bull Ring', 'red_bull_ring', '71', '4318km', '1:05:619', '{"race":{"date":"2026-06-28","time":"13:00:00Z"},"qualy":{"date":"2026-06-27","time":"14:00:00Z"},"fp1":{"date":"2026-06-26","time":"11:30:00Z"},"fp2":{"date":"2026-06-26","time":"15:00:00Z"},"fp3":{"date":"2026-06-27","time":"10:30:00Z"},"sprintQualy":{"date":null,"time":null},"sprintRace":{"date":null,"time":null}}'::jsonb, 'https://images.unsplash.com/photo-1501785888041-af3ef285b470?w=1200&auto=format&fit=crop&q=80'),
  ('british_2026', '11', 'Formula 1 Pirelli British Grand Prix 2026', '2026-07-05', 'Silverstone, Great Britain', 'Silverstone Circuit', 'silverstone', '52', '5891km', '1:27:097', '{"race":{"date":"2026-07-05","time":"14:00:00Z"},"qualy":{"date":"2026-07-04","time":"14:00:00Z"},"fp1":{"date":"2026-07-03","time":null},"fp2":{"date":null,"time":null},"fp3":{"date":null,"time":null},"sprintQualy":{"date":"2026-07-03","time":"11:30:00Z"},"sprintRace":{"date":"2026-07-04","time":"10:30:00Z"}}'::jsonb, 'https://images.unsplash.com/photo-1494548162494-384bba4ab999?w=1200&auto=format&fit=crop&q=80'),
  ('belgian_2026', '12', 'Formula 1 Belgian Grand Prix 2026', '2026-07-19', 'Stavelot, Belgium', 'Circuit de Spa-Francorchamps', 'spa', '44', '7004km', '1:46:286', '{"race":{"date":"2026-07-19","time":"13:00:00Z"},"qualy":{"date":"2026-07-18","time":"14:00:00Z"},"fp1":{"date":"2026-07-17","time":"10:30:00Z"},"fp2":{"date":"2026-07-17","time":"14:30:00Z"},"fp3":{"date":"2026-07-18","time":"10:00:00Z"},"sprintQualy":{"date":null,"time":null},"sprintRace":{"date":null,"time":null}}'::jsonb, 'https://images.unsplash.com/photo-1500534623283-312aade485b7?w=1200&auto=format&fit=crop&q=80'),
  ('hungarian_2026', '13', 'Formula 1 AWS Hungarian Grand Prix 2026', '2026-07-26', 'Mogyorod, Hungary', 'Hungaroring', 'hungaroring', '70', '4381km', '1:16:627', '{"race":{"date":"2026-07-26","time":"13:00:00Z"},"qualy":{"date":"2026-07-25","time":"14:00:00Z"},"fp1":{"date":"2026-07-24","time":"11:30:00Z"},"fp2":{"date":"2026-07-24","time":"15:00:00Z"},"fp3":{"date":"2026-07-25","time":"10:30:00Z"},"sprintQualy":{"date":null,"time":null},"sprintRace":{"date":null,"time":null}}'::jsonb, 'https://images.unsplash.com/photo-1472396961693-142e6e269027?w=1200&auto=format&fit=crop&q=80'),
  ('dutch_2026', '14', 'Formula 1 Heineken Dutch Grand Prix 2026', '2026-08-23', 'Zandvoort, Netherlands', 'Circuit Zandvoort', 'zandvoort', '72', '4259km', '1:11:097', '{"race":{"date":"2026-08-23","time":"13:00:00Z"},"qualy":{"date":"2026-08-22","time":"13:00:00Z"},"fp1":{"date":"2026-08-21","time":"10:30:00Z"},"fp2":{"date":null,"time":null},"fp3":{"date":null,"time":null},"sprintQualy":{"date":"2026-08-21","time":"14:00:00Z"},"sprintRace":{"date":"2026-08-22","time":"09:30:00Z"}}'::jsonb, 'https://images.unsplash.com/photo-1500375592092-40eb2168fd21?w=1200&auto=format&fit=crop&q=80'),
  ('italian_2026', '15', 'Formula 1 Pirelli Gran D''Italia 2026', '2026-09-06', 'Monza, Italy', 'Autodromo Nazionale Monza', 'monza', '53', '5793km', '1:21:046', '{"race":{"date":"2026-09-06","time":"13:00:00Z"},"qualy":{"date":"2026-09-05","time":"13:00:00Z"},"fp1":{"date":"2026-09-04","time":"11:30:00Z"},"fp2":{"date":"2026-09-04","time":"15:00:00Z"},"fp3":{"date":"2026-09-05","time":"10:30:00Z"},"sprintQualy":{"date":null,"time":null},"sprintRace":{"date":null,"time":null}}'::jsonb, 'https://images.unsplash.com/photo-1521295121783-8a321d551ad2?w=1200&auto=format&fit=crop&q=80'),
  ('spanish_2026', '16', 'Formula 1 Tag Heuer Gran Premio de España 2026', '2026-09-13', 'Madrid, Spain', 'Circuito de Madring', 'madring', '-', '5474km', '-', '{"race":{"date":"2026-09-13","time":"13:00:00Z"},"qualy":{"date":"2026-09-12","time":"14:00:00Z"},"fp1":{"date":"2026-09-11","time":"11:30:00Z"},"fp2":{"date":"2026-09-11","time":"15:00:00Z"},"fp3":{"date":"2026-09-12","time":"10:30:00Z"},"sprintQualy":{"date":null,"time":null},"sprintRace":{"date":null,"time":null}}'::jsonb, 'https://images.unsplash.com/photo-1472396961693-142e6e269027?w=1200&auto=format&fit=crop&q=80'),
  ('azerbaijan_2026', '17', 'Formula 1 Qatar Airways Azerbaijan Grand Prix 2026', '2026-09-26', 'Baku, Azerbaijan', 'Baku City Circuit', 'baku', '51', '6003km', '1:43:009', '{"race":{"date":"2026-09-26","time":"11:00:00Z"},"qualy":{"date":"2026-09-25","time":"12:00:00Z"},"fp1":{"date":"2026-09-24","time":"08:30:00Z"},"fp2":{"date":"2026-09-24","time":"12:00:00Z"},"fp3":{"date":"2026-09-25","time":"08:30:00Z"},"sprintQualy":{"date":null,"time":null},"sprintRace":{"date":null,"time":null}}'::jsonb, 'https://images.unsplash.com/photo-1465447142348-e9952c393450?w=1200&auto=format&fit=crop&q=80'),
  ('singapore_2026', '18', 'Formula 1 Singapore Airlanes Singapore Grand Prix 2026', '2026-10-11', 'Singapore, Singapore', 'Marina Bay Street Circuit', 'marina_bay', '62', '4940km', '1:35:867', '{"race":{"date":"2026-10-11","time":"12:00:00Z"},"qualy":{"date":"2026-10-10","time":"13:00:00Z"},"fp1":{"date":"2026-10-09","time":"09:30:00Z"},"fp2":{"date":"2026-10-09","time":"13:00:00Z"},"fp3":{"date":"2026-10-10","time":"09:30:00Z"},"sprintQualy":{"date":null,"time":null},"sprintRace":{"date":null,"time":null}}'::jsonb, 'https://images.unsplash.com/photo-1499092346589-b9b6be3e94b2?w=1200&auto=format&fit=crop&q=80'),
  ('united_states_2026', '19', 'Formula 1 MSC Cruises United States Grand Prix 2026', '2026-10-25', 'Austin, United States', 'Circuit of The Americas', 'austin', '56', '3426km', '1:36:169', '{"race":{"date":"2026-10-25","time":"19:00:00Z"},"qualy":{"date":"2026-10-24","time":"21:00:00Z"},"fp1":{"date":"2026-10-23","time":"17:30:00Z"},"fp2":{"date":"2026-10-23","time":"21:30:00Z"},"fp3":{"date":"2026-10-24","time":"17:00:00Z"},"sprintQualy":{"date":null,"time":null},"sprintRace":{"date":null,"time":null}}'::jsonb, 'https://images.unsplash.com/photo-1500530855697-b586d89ba3ee?w=1200&auto=format&fit=crop&q=80'),
  ('mexican_2026', '20', 'Formula 1 Gran Premio de La Ciudad de México 2026', '2026-11-01', 'Mexico City, Mexico', 'Autódromo Hermanos Rodríguez', 'hermanos_rodriguez', '71', '4304km', '1:17:774', '{"race":{"date":"2026-11-01","time":"20:00:00Z"},"qualy":{"date":"2026-10-31","time":"21:00:00Z"},"fp1":{"date":"2026-10-30","time":"18:30:00Z"},"fp2":{"date":"2026-10-30","time":"22:00:00Z"},"fp3":{"date":"2026-10-31","time":"17:30:00Z"},"sprintQualy":{"date":null,"time":null},"sprintRace":{"date":null,"time":null}}'::jsonb, 'https://images.unsplash.com/photo-1512813195386-6cf811ad3542?w=1200&auto=format&fit=crop&q=80'),
  ('brazilian_2026', '21', 'Formula 1 MSC Cruises Grande Premio de Sao Paulo 2026', '2026-11-08', 'Sao Paulo, Brazil', 'Autodromo José Carlos Pace | Interlagos', 'interlagos', '71', '4309km', '1:10:540', '{"race":{"date":"2026-11-08","time":"17:00:00Z"},"qualy":{"date":"2026-11-07","time":"18:00:00Z"},"fp1":{"date":"2026-11-06","time":"14:30:00Z"},"fp2":{"date":"2026-11-06","time":"18:30:00Z"},"fp3":{"date":"2026-11-07","time":"14:00:00Z"},"sprintQualy":{"date":null,"time":null},"sprintRace":{"date":null,"time":null}}'::jsonb, 'https://images.unsplash.com/photo-1483721310020-03333e577078?w=1200&auto=format&fit=crop&q=80'),
  ('las_vegas_2026', '22', 'Formula 1 Heineken Las Vegas Grand Prix 2026', '2026-11-22', 'Las Vegas, United States', 'Las Vegas Strip Circuit', 'vegas', '50', '3853km', '1:35:490', '{"race":{"date":"2026-11-22","time":"04:00:00Z"},"qualy":{"date":"2026-11-21","time":"04:00:00Z"},"fp1":{"date":"2026-11-20","time":"00:30:00Z"},"fp2":{"date":"2026-11-20","time":"04:00:00Z"},"fp3":{"date":"2026-11-21","time":"00:30:00Z"},"sprintQualy":{"date":null,"time":null},"sprintRace":{"date":null,"time":null}}'::jsonb, 'https://images.unsplash.com/photo-1500530855697-b586d89ba3ee?w=1200&auto=format&fit=crop&q=80'),
  ('qatar_2026', '23', 'Formula 1 Qatar Airways Qatar Grand Prix 2026', '2026-11-29', 'Lusail, Qatar', 'Lusail International Circuit', 'lusail', '57', '5419km', '1:24:319', '{"race":{"date":"2026-11-29","time":"16:00:00Z"},"qualy":{"date":"2026-11-28","time":"18:00:00Z"},"fp1":{"date":"2026-11-27","time":"13:30:00Z"},"fp2":{"date":"2026-11-27","time":"17:30:00Z"},"fp3":{"date":"2026-11-28","time":"14:00:00Z"},"sprintQualy":{"date":null,"time":null},"sprintRace":{"date":null,"time":null}}'::jsonb, 'https://images.unsplash.com/photo-1500530855697-b586d89ba3ee?w=1200&auto=format&fit=crop&q=80'),
  ('abu_dhabi_2026', '24', 'Formula 1 Etihad Airways Abu Dhabi Grand Prix 2026', '2026-12-06', 'Abu Dhabi, United Arab Emirates', 'Yas Marina Circuit', 'yas_marina', '58', '5281km', '1:26:103', '{"race":{"date":"2026-12-06","time":"13:00:00Z"},"qualy":{"date":"2026-12-05","time":"14:00:00Z"},"fp1":{"date":"2026-12-04","time":"09:30:00Z"},"fp2":{"date":"2026-12-04","time":"13:00:00Z"},"fp3":{"date":"2026-12-05","time":"10:30:00Z"},"sprintQualy":{"date":null,"time":null},"sprintRace":{"date":null,"time":null}}'::jsonb, 'https://images.unsplash.com/photo-1509395176047-4a66953fd231?w=1200&auto=format&fit=crop&q=80')
on conflict (id) do update set
  round = excluded.round,
  name = excluded.name,
  date = excluded.date,
  location = excluded.location,
  circuit = excluded.circuit,
  circuit_id = excluded.circuit_id,
  laps = excluded.laps,
  distance = excluded.distance,
  lap_record = excluded.lap_record,
  schedule = excluded.schedule,
  image = excluded.image;

insert into public.circuits (id, name, location, country, round, type, image, detail_image, description, long_description, length, laps, race_distance, first_grand_prix, lap_record, lap_record_driver, capacity, corners, circuit_type, direction) values
  ('albert_park', 'Albert Park Circuit', 'Melbourne, Australia', 'Australia', 'Circuit 01', 'Permanent', 'https://media.formula1.com/image/upload/f_auto,c_limit,q_auto,w_1320/content/dam/fom-website/circuits/Australia_Circuit', 'https://media.formula1.com/image/upload/f_auto,c_limit,q_auto,w_1320/content/dam/fom-website/circuits/Australia_Circuit', 'F1 circuit located in Melbourne, Australia.', 'This circuit is part of the 2026 Formula 1 calendar.

It first appeared in 1996 and remains an important venue for modern F1 racing.', '5.278 km', '-', '-', '1996', '1:19:813', 'leclerc', '-', '14', 'Permanent Circuit', 'Clockwise'),
  ('shanghai', 'Shanghai International Circuit', 'Shanghai, China', 'China', 'Circuit 02', 'Permanent', 'https://media.formula1.com/image/upload/f_auto,c_limit,q_auto,w_1320/content/dam/fom-website/circuits/China_Circuit', 'https://media.formula1.com/image/upload/f_auto,c_limit,q_auto,w_1320/content/dam/fom-website/circuits/China_Circuit', 'F1 circuit located in Shanghai, China.', 'This circuit is part of the 2026 Formula 1 calendar.

It first appeared in 2004 and remains an important venue for modern F1 racing.', '5.451 km', '-', '-', '2004', '1:32:238', 'michael_schumacher', '-', '16', 'Permanent Circuit', 'Clockwise'),
  ('suzuka', 'Suzuka International Circuit', 'Suzuka, Japan', 'Japan', 'Circuit 03', 'Permanent', 'https://media.formula1.com/image/upload/f_auto,c_limit,q_auto,w_1320/content/dam/fom-website/circuits/Japan_Circuit', 'https://media.formula1.com/image/upload/f_auto,c_limit,q_auto,w_1320/content/dam/fom-website/circuits/Japan_Circuit', 'F1 circuit located in Suzuka, Japan.', 'This circuit is part of the 2026 Formula 1 calendar.

It first appeared in 1987 and remains an important venue for modern F1 racing.', '5.807 km', '-', '-', '1987', '1:30:983', 'hamilton', '-', '18', 'Permanent Circuit', 'Clockwise'),
  ('bahrain', 'Bahrain International Circuit', 'Sakhir, Bahrain', 'Bahrain', 'Circuit 04', 'Permanent', 'https://media.formula1.com/image/upload/f_auto,c_limit,q_auto,w_1320/content/dam/fom-website/circuits/Bahrain_Circuit', 'https://media.formula1.com/image/upload/f_auto,c_limit,q_auto,w_1320/content/dam/fom-website/circuits/Bahrain_Circuit', 'F1 circuit located in Sakhir, Bahrain.', 'This circuit is part of the 2026 Formula 1 calendar.

It first appeared in 2004 and remains an important venue for modern F1 racing.', '5.412 km', '-', '-', '2004', '1:31:447', 'de_la_rosa', '-', '15', 'Permanent Circuit', 'Clockwise'),
  ('jeddah', 'Jeddah Corniche Circuit', 'Jedda, Saudi Arabia', 'Saudi Arabia', 'Circuit 05', 'Permanent', 'https://media.formula1.com/image/upload/f_auto,c_limit,q_auto,w_1320/content/dam/fom-website/circuits/Saudi_Arabia_Circuit', 'https://media.formula1.com/image/upload/f_auto,c_limit,q_auto,w_1320/content/dam/fom-website/circuits/Saudi_Arabia_Circuit', 'F1 circuit located in Jedda, Saudi Arabia.', 'This circuit is part of the 2026 Formula 1 calendar.

It first appeared in 2021 and remains an important venue for modern F1 racing.', '6.174 km', '-', '-', '2021', '1:30:734', 'hamilton', '-', '27', 'Permanent Circuit', 'Clockwise'),
  ('miami', 'Miami International Autodrome', 'Miami, United States', 'United States', 'Circuit 06', 'Permanent', 'https://media.formula1.com/image/upload/f_auto,c_limit,q_auto,w_1320/content/dam/fom-website/circuits/Miami_Circuit', 'https://media.formula1.com/image/upload/f_auto,c_limit,q_auto,w_1320/content/dam/fom-website/circuits/Miami_Circuit', 'F1 circuit located in Miami, United States.', 'This circuit is part of the 2026 Formula 1 calendar.

It first appeared in 2022 and remains an important venue for modern F1 racing.', '5.412 km', '-', '-', '2022', '1:29:708', 'max_verstappen', '-', '19', 'Permanent Circuit', 'Clockwise'),
  ('gilles_villeneuve', 'Circuit Gilles Villeneuve', 'Montreal, Canada', 'Canada', 'Circuit 07', 'Permanent', 'https://media.formula1.com/image/upload/f_auto,c_limit,q_auto,w_1320/content/dam/fom-website/circuits/Canada_Circuit', 'https://media.formula1.com/image/upload/f_auto,c_limit,q_auto,w_1320/content/dam/fom-website/circuits/Canada_Circuit', 'F1 circuit located in Montreal, Canada.', 'This circuit is part of the 2026 Formula 1 calendar.

It first appeared in 1978 and remains an important venue for modern F1 racing.', '4.361 km', '-', '-', '1978', '1:13:078', 'bottas', '-', '14', 'Permanent Circuit', 'Clockwise'),
  ('monaco', 'Circuit de Monaco', 'Monte Carlo, Monaco', 'Monaco', 'Circuit 08', 'Permanent', 'https://media.formula1.com/image/upload/f_auto,c_limit,q_auto,w_1320/content/dam/fom-website/circuits/Monaco_Circuit', 'https://media.formula1.com/image/upload/f_auto,c_limit,q_auto,w_1320/content/dam/fom-website/circuits/Monaco_Circuit', 'F1 circuit located in Monte Carlo, Monaco.', 'This circuit is part of the 2026 Formula 1 calendar.

It first appeared in 1950 and remains an important venue for modern F1 racing.', '3.337 km', '-', '-', '1950', '1:12:909', 'hamilton', '-', '19', 'Permanent Circuit', 'Clockwise'),
  ('montmelo', 'Circuit de Barcelona-Catalunya', 'Barcelona, Spain', 'Spain', 'Circuit 09', 'Permanent', 'https://media.formula1.com/image/upload/f_auto,c_limit,q_auto,w_1320/content/dam/fom-website/circuits/Spain_Circuit', 'https://media.formula1.com/image/upload/f_auto,c_limit,q_auto,w_1320/content/dam/fom-website/circuits/Spain_Circuit', 'F1 circuit located in Barcelona, Spain.', 'This circuit is part of the 2026 Formula 1 calendar.

It first appeared in 1991 and remains an important venue for modern F1 racing.', '4.657 km', '-', '-', '1991', '1:16:330', 'max_verstappen', '-', '14', 'Permanent Circuit', 'Clockwise'),
  ('red_bull_ring', 'Red Bull Ring', 'Spielberg, Austria', 'Austria', 'Circuit 10', 'Permanent', 'https://media.formula1.com/image/upload/f_auto,c_limit,q_auto,w_1320/content/dam/fom-website/circuits/Austria_Circuit', 'https://media.formula1.com/image/upload/f_auto,c_limit,q_auto,w_1320/content/dam/fom-website/circuits/Austria_Circuit', 'F1 circuit located in Spielberg, Austria.', 'This circuit is part of the 2026 Formula 1 calendar.

It first appeared in 1970 and remains an important venue for modern F1 racing.', '4.318 km', '-', '-', '1970', '1:05:619', 'sainz', '-', '10', 'Permanent Circuit', 'Clockwise'),
  ('silverstone', 'Silverstone Circuit', 'Silverstone, Great Britain', 'Great Britain', 'Circuit 11', 'Permanent', 'https://media.formula1.com/image/upload/f_auto,c_limit,q_auto,w_1320/content/dam/fom-website/circuits/Great_Britain_Circuit', 'https://media.formula1.com/image/upload/f_auto,c_limit,q_auto,w_1320/content/dam/fom-website/circuits/Great_Britain_Circuit', 'F1 circuit located in Silverstone, Great Britain.', 'This circuit is part of the 2026 Formula 1 calendar.

It first appeared in 1950 and remains an important venue for modern F1 racing.', '5.891 km', '-', '-', '1950', '1:27:097', 'max_verstappen', '-', '18', 'Permanent Circuit', 'Clockwise'),
  ('spa', 'Circuit de Spa-Francorchamps', 'Stavelot, Belgium', 'Belgium', 'Circuit 12', 'Permanent', 'https://media.formula1.com/image/upload/f_auto,c_limit,q_auto,w_1320/content/dam/fom-website/circuits/Belgium_Circuit', 'https://media.formula1.com/image/upload/f_auto,c_limit,q_auto,w_1320/content/dam/fom-website/circuits/Belgium_Circuit', 'F1 circuit located in Stavelot, Belgium.', 'This circuit is part of the 2026 Formula 1 calendar.

It first appeared in 1950 and remains an important venue for modern F1 racing.', '7.004 km', '-', '-', '1950', '1:46:286', 'bottas', '-', '20', 'Permanent Circuit', 'Clockwise'),
  ('hungaroring', 'Hungaroring', 'Mogyorod, Hungary', 'Hungary', 'Circuit 13', 'Permanent', 'https://media.formula1.com/image/upload/f_auto,c_limit,q_auto,w_1320/content/dam/fom-website/circuits/Hungary_Circuit', 'https://media.formula1.com/image/upload/f_auto,c_limit,q_auto,w_1320/content/dam/fom-website/circuits/Hungary_Circuit', 'F1 circuit located in Mogyorod, Hungary.', 'This circuit is part of the 2026 Formula 1 calendar.

It first appeared in 1986 and remains an important venue for modern F1 racing.', '4.381 km', '-', '-', '1986', '1:16:627', 'hamilton', '-', '14', 'Permanent Circuit', 'Clockwise'),
  ('zandvoort', 'Circuit Zandvoort', 'Zandvoort, Netherlands', 'Netherlands', 'Circuit 14', 'Permanent', 'https://media.formula1.com/image/upload/f_auto,c_limit,q_auto,w_1320/content/dam/fom-website/circuits/Netherlands_Circuit', 'https://media.formula1.com/image/upload/f_auto,c_limit,q_auto,w_1320/content/dam/fom-website/circuits/Netherlands_Circuit', 'F1 circuit located in Zandvoort, Netherlands.', 'This circuit is part of the 2026 Formula 1 calendar.

It first appeared in 1950 and remains an important venue for modern F1 racing.', '4.259 km', '-', '-', '1950', '1:11:097', 'hamilton', '-', '14', 'Permanent Circuit', 'Clockwise'),
  ('monza', 'Autodromo Nazionale Monza', 'Monza, Italy', 'Italy', 'Circuit 15', 'Permanent', 'https://media.formula1.com/image/upload/f_auto,c_limit,q_auto,w_1320/content/dam/fom-website/circuits/Italy_Circuit', 'https://media.formula1.com/image/upload/f_auto,c_limit,q_auto,w_1320/content/dam/fom-website/circuits/Italy_Circuit', 'F1 circuit located in Monza, Italy.', 'This circuit is part of the 2026 Formula 1 calendar.

It first appeared in 1950 and remains an important venue for modern F1 racing.', '5.793 km', '-', '-', '1950', '1:21:046', 'barrichelo', '-', '11', 'Permanent Circuit', 'Clockwise'),
  ('madring', 'Circuito de Madring', 'Madrid, Spain', 'Spain', 'Circuit 16', 'Permanent', 'https://images.unsplash.com/photo-1521295121783-8a321d551ad2?w=1200&auto=format&fit=crop&q=80', 'https://images.unsplash.com/photo-1521295121783-8a321d551ad2?w=1200&auto=format&fit=crop&q=80', 'F1 circuit located in Madrid, Spain.', 'This circuit is part of the 2026 Formula 1 calendar.

It first appeared in 2026 and remains an important venue for modern F1 racing.', '5.474 km', '-', '-', '2026', '-', '-', '-', '22', 'Permanent Circuit', 'Clockwise'),
  ('baku', 'Baku City Circuit', 'Baku, Azerbaijan', 'Azerbaijan', 'Circuit 17', 'Permanent', 'https://media.formula1.com/image/upload/f_auto,c_limit,q_auto,w_1320/content/dam/fom-website/circuits/Azerbaijan_Circuit', 'https://media.formula1.com/image/upload/f_auto,c_limit,q_auto,w_1320/content/dam/fom-website/circuits/Azerbaijan_Circuit', 'F1 circuit located in Baku, Azerbaijan.', 'This circuit is part of the 2026 Formula 1 calendar.

It first appeared in 2017 and remains an important venue for modern F1 racing.', '6.003 km', '-', '-', '2017', '1:43:009', 'leclerc', '-', '20', 'Permanent Circuit', 'Clockwise'),
  ('marina_bay', 'Marina Bay Street Circuit', 'Singapore, Singapore', 'Singapore', 'Circuit 18', 'Permanent', 'https://media.formula1.com/image/upload/f_auto,c_limit,q_auto,w_1320/content/dam/fom-website/circuits/Singapore_Circuit', 'https://media.formula1.com/image/upload/f_auto,c_limit,q_auto,w_1320/content/dam/fom-website/circuits/Singapore_Circuit', 'F1 circuit located in Singapore, Singapore.', 'This circuit is part of the 2026 Formula 1 calendar.

It first appeared in 2008 and remains an important venue for modern F1 racing.', '4.940 km', '-', '-', '2008', '1:35:867', 'hamilton', '-', '19', 'Permanent Circuit', 'Clockwise'),
  ('austin', 'Circuit of The Americas', 'Austin, United States', 'United States', 'Circuit 19', 'Permanent', 'https://media.formula1.com/image/upload/f_auto,c_limit,q_auto,w_1320/content/dam/fom-website/circuits/USA_Circuit', 'https://media.formula1.com/image/upload/f_auto,c_limit,q_auto,w_1320/content/dam/fom-website/circuits/USA_Circuit', 'F1 circuit located in Austin, United States.', 'This circuit is part of the 2026 Formula 1 calendar.

It first appeared in 2012 and remains an important venue for modern F1 racing.', '3.426 km', '-', '-', '2012', '1:36:169', 'leclerc', '-', '20', 'Permanent Circuit', 'Clockwise'),
  ('hermanos_rodriguez', 'Autódromo Hermanos Rodríguez', 'Mexico City, Mexico', 'Mexico', 'Circuit 20', 'Permanent', 'https://media.formula1.com/image/upload/f_auto,c_limit,q_auto,w_1320/content/dam/fom-website/circuits/Mexico_Circuit', 'https://media.formula1.com/image/upload/f_auto,c_limit,q_auto,w_1320/content/dam/fom-website/circuits/Mexico_Circuit', 'F1 circuit located in Mexico City, Mexico.', 'This circuit is part of the 2026 Formula 1 calendar.

It first appeared in 1962 and remains an important venue for modern F1 racing.', '4.304 km', '-', '-', '1962', '1:17:774', 'bottas', '-', '17', 'Permanent Circuit', 'Clockwise'),
  ('interlagos', 'Autodromo José Carlos Pace | Interlagos', 'Sao Paulo, Brazil', 'Brazil', 'Circuit 21', 'Permanent', 'https://media.formula1.com/image/upload/f_auto,c_limit,q_auto,w_1320/content/dam/fom-website/circuits/Brazil_Circuit', 'https://media.formula1.com/image/upload/f_auto,c_limit,q_auto,w_1320/content/dam/fom-website/circuits/Brazil_Circuit', 'F1 circuit located in Sao Paulo, Brazil.', 'This circuit is part of the 2026 Formula 1 calendar.

It first appeared in 1972 and remains an important venue for modern F1 racing.', '4.309 km', '-', '-', '1972', '1:10:540', 'bottas', '-', '15', 'Permanent Circuit', 'Clockwise'),
  ('vegas', 'Las Vegas Strip Circuit', 'Las Vegas, United States', 'United States', 'Circuit 22', 'Permanent', 'https://media.formula1.com/image/upload/f_auto,c_limit,q_auto,w_1320/content/dam/fom-website/circuits/Las_Vegas_Circuit', 'https://media.formula1.com/image/upload/f_auto,c_limit,q_auto,w_1320/content/dam/fom-website/circuits/Las_Vegas_Circuit', 'F1 circuit located in Las Vegas, United States.', 'This circuit is part of the 2026 Formula 1 calendar.

It first appeared in 2023 and remains an important venue for modern F1 racing.', '3.853 km', '-', '-', '2023', '1:35:490', 'piastri', '-', '17', 'Permanent Circuit', 'Clockwise'),
  ('lusail', 'Lusail International Circuit', 'Lusail, Qatar', 'Qatar', 'Circuit 23', 'Permanent', 'https://media.formula1.com/image/upload/f_auto,c_limit,q_auto,w_1320/content/dam/fom-website/circuits/Qatar_Circuit', 'https://media.formula1.com/image/upload/f_auto,c_limit,q_auto,w_1320/content/dam/fom-website/circuits/Qatar_Circuit', 'F1 circuit located in Lusail, Qatar.', 'This circuit is part of the 2026 Formula 1 calendar.

It first appeared in 2021 and remains an important venue for modern F1 racing.', '5.419 km', '-', '-', '2021', '1:24:319', 'max_verstappen', '-', '16', 'Permanent Circuit', 'Clockwise'),
  ('yas_marina', 'Yas Marina Circuit', 'Abu Dhabi, United Arab Emirates', 'United Arab Emirates', 'Circuit 24', 'Permanent', 'https://media.formula1.com/image/upload/f_auto,c_limit,q_auto,w_1320/content/dam/fom-website/circuits/Abu_Dhabi_Circuit', 'https://media.formula1.com/image/upload/f_auto,c_limit,q_auto,w_1320/content/dam/fom-website/circuits/Abu_Dhabi_Circuit', 'F1 circuit located in Abu Dhabi, United Arab Emirates.', 'This circuit is part of the 2026 Formula 1 calendar.

It first appeared in 2009 and remains an important venue for modern F1 racing.', '5.281 km', '-', '-', '2009', '1:26:103', 'max_verstappen', '-', '16', 'Permanent Circuit', 'Clockwise')
on conflict (id) do update set
  name = excluded.name,
  location = excluded.location,
  country = excluded.country,
  round = excluded.round,
  type = excluded.type,
  image = excluded.image,
  detail_image = excluded.detail_image,
  description = excluded.description,
  long_description = excluded.long_description,
  length = excluded.length,
  laps = excluded.laps,
  race_distance = excluded.race_distance,
  first_grand_prix = excluded.first_grand_prix,
  lap_record = excluded.lap_record,
  lap_record_driver = excluded.lap_record_driver,
  capacity = excluded.capacity,
  corners = excluded.corners,
  circuit_type = excluded.circuit_type,
  direction = excluded.direction;

commit;